match_id,season,start_date,venue,innings,ball,batting_team,bowling_team,striker,non_striker,bowler,runs_off_bat,extras,wides,noballs,byes,legbyes,penalty,wicket_type,player_dismissed,other_wicket_type,other_player_dismissed
1355632,2023,2023-08-20,"Old Trafford, Manchester",1,0.1,Manchester Originals,Northern Superchargers,PD Salt,JC Buttler,RJW Topley,1,0,,,,,,,,,
1355632,2023,2023-08-20,"Old Trafford, Manchester",1,0.2,Manchester Originals,Northern Superchargers,JC Buttler,PD Salt,RJW Topley,0,1,1,,,,,,,,
1355632,2023,2023-08-20,"Old Trafford, Manchester",1,0.3,Manchester Originals,Northern Superchargers,JC Buttler,PD Salt,RJW Topley,0,0,,,,,,,,,
1355632,2023,2023-08-20,"Old Trafford, Manchester",1,0.4,Manchester Originals,Northern Superchargers,JC Buttler,PD Salt,RJW Topley,1,0,,,,,,,,,
1355632,2023,2023-08-20,"Old Trafford, Manchester",1,0.5,Manchester Originals,Northern Superchargers,PD Salt,JC Buttler,RJW Topley,1,0,,,,,,,,,
1355632,2023,2023-08-20,"Old Trafford, Manchester",1,0.6,Manchester Originals,Northern Superchargers,JC Buttler,PD Salt,RJW Topley,0,0,,,,,,,,,
1355632,2023,2023-08-20,"Old Trafford, Manchester",1,1.1,Manchester Originals,Northern Superchargers,JC Buttler,PD Salt,CF Parkinson,1,0,,,,,,,,,
1355632,2023,2023-08-20,"Old Trafford, Manchester",1,1.2,Manchester Originals,Northern Superchargers,PD Salt,JC Buttler,CF Parkinson,1,0,,,,,,,,,
1355632,2023,2023-08-20,"Old Trafford, Manchester",1,1.3,Manchester Originals,Northern Superchargers,JC Buttler,PD Salt,CF Parkinson,0,0,,,,,,,,,
1355632,2023,2023-08-20,"Old Trafford, Manchester",1,1.4,Manchester Originals,Northern Superchargers,JC Buttler,PD Salt,CF Parkinson,4,0,,,,,,,,,
1355632,2023,2023-08-20,"Old Trafford, Manchester",1,1.5,Manchester Originals,Northern Superchargers,JC Buttler,PD Salt,CF Parkinson,1,0,,,,,,,,,
1355632,2023,2023-08-20,"Old Trafford, Manchester",1,2.1,Manchester Originals,Northern Superchargers,JC Buttler,PD Salt,RJW Topley,0,0,,,,,,,,,
1355632,2023,2023-08-20,"Old Trafford, Manchester",1,2.2,Manchester Originals,Northern Superchargers,JC Buttler,PD Salt,RJW Topley,0,1,,,,1,,,,,
1355632,2023,2023-08-20,"Old Trafford, Manchester",1,2.3,Manchester Originals,Northern Superchargers,PD Salt,JC Buttler,RJW Topley,0,4,,,,4,,,,,
1355632,2023,2023-08-20,"Old Trafford, Manchester",1,2.4,Manchester Originals,Northern Superchargers,PD Salt,JC Buttler,RJW Topley,0,1,1,,,,,,,,
1355632,2023,2023-08-20,"Old Trafford, Manchester",1,2.5,Manchester Originals,Northern Superchargers,PD Salt,JC Buttler,RJW Topley,4,0,,,,,,,,,
1355632,2023,2023-08-20,"Old Trafford, Manchester",1,2.6,Manchester Originals,Northern Superchargers,PD Salt,JC Buttler,RJW Topley,0,0,,,,,,,,,
1355632,2023,2023-08-20,"Old Trafford, Manchester",1,3.1,Manchester Originals,Northern Superchargers,PD Salt,JC Buttler,CF Parkinson,1,0,,,,,,,,,
1355632,2023,2023-08-20,"Old Trafford, Manchester",1,3.2,Manchester Originals,Northern Superchargers,JC Buttler,PD Salt,CF Parkinson,0,0,,,,,,,,,
1355632,2023,2023-08-20,"Old Trafford, Manchester",1,3.3,Manchester Originals,Northern Superchargers,JC Buttler,PD Salt,CF Parkinson,4,0,,,,,,,,,
1355632,2023,2023-08-20,"Old Trafford, Manchester",1,3.4,Manchester Originals,Northern Superchargers,JC Buttler,PD Salt,CF Parkinson,3,0,,,,,,,,,
1355632,2023,2023-08-20,"Old Trafford, Manchester",1,3.5,Manchester Originals,Northern Superchargers,PD Salt,JC Buttler,CF Parkinson,0,0,,,,,,,,,
1355632,2023,2023-08-20,"Old Trafford, Manchester",1,4.1,Manchester Originals,Northern Superchargers,JC Buttler,PD Salt,BA Carse,2,0,,,,,,,,,
1355632,2023,2023-08-20,"Old Trafford, Manchester",1,4.2,Manchester Originals,Northern Superchargers,JC Buttler,PD Salt,BA Carse,4,0,,,,,,,,,
1355632,2023,2023-08-20,"Old Trafford, Manchester",1,4.3,Manchester Originals,Northern Superchargers,JC Buttler,PD Salt,BA Carse,4,0,,,,,,,,,
1355632,2023,2023-08-20,"Old Trafford, Manchester",1,4.4,Manchester Originals,Northern Superchargers,JC Buttler,PD Salt,BA Carse,4,0,,,,,,,,,
1355632,2023,2023-08-20,"Old Trafford, Manchester",1,4.5,Manchester Originals,Northern Superchargers,JC Buttler,PD Salt,BA Carse,0,0,,,,,,,,,
1355632,2023,2023-08-20,"Old Trafford, Manchester",1,5.1,Manchester Originals,Northern Superchargers,JC Buttler,PD Salt,D Wiese,1,0,,,,,,,,,
1355632,2023,2023-08-20,"Old Trafford, Manchester",1,5.2,Manchester Originals,Northern Superchargers,PD Salt,JC Buttler,D Wiese,1,0,,,,,,,,,
1355632,2023,2023-08-20,"Old Trafford, Manchester",1,5.3,Manchester Originals,Northern Superchargers,JC Buttler,PD Salt,D Wiese,1,0,,,,,,,,,
1355632,2023,2023-08-20,"Old Trafford, Manchester",1,5.4,Manchester Originals,Northern Superchargers,PD Salt,JC Buttler,D Wiese,6,0,,,,,,,,,
1355632,2023,2023-08-20,"Old Trafford, Manchester",1,5.5,Manchester Originals,Northern Superchargers,PD Salt,JC Buttler,D Wiese,0,1,,,,1,,,,,
1355632,2023,2023-08-20,"Old Trafford, Manchester",1,6.1,Manchester Originals,Northern Superchargers,PD Salt,JC Buttler,AU Rashid,2,0,,,,,,,,,
1355632,2023,2023-08-20,"Old Trafford, Manchester",1,6.2,Manchester Originals,Northern Superchargers,PD Salt,JC Buttler,AU Rashid,1,0,,,,,,,,,
1355632,2023,2023-08-20,"Old Trafford, Manchester",1,6.3,Manchester Originals,Northern Superchargers,JC Buttler,PD Salt,AU Rashid,1,0,,,,,,,,,
1355632,2023,2023-08-20,"Old Trafford, Manchester",1,6.4,Manchester Originals,Northern Superchargers,PD Salt,JC Buttler,AU Rashid,2,0,,,,,,,,,
1355632,2023,2023-08-20,"Old Trafford, Manchester",1,6.5,Manchester Originals,Northern Superchargers,PD Salt,JC Buttler,AU Rashid,1,0,,,,,,,,,
1355632,2023,2023-08-20,"Old Trafford, Manchester",1,7.1,Manchester Originals,Northern Superchargers,JC Buttler,PD Salt,WD Parnell,2,0,,,,,,,,,
1355632,2023,2023-08-20,"Old Trafford, Manchester",1,7.2,Manchester Originals,Northern Superchargers,JC Buttler,PD Salt,WD Parnell,1,0,,,,,,,,,
1355632,2023,2023-08-20,"Old Trafford, Manchester",1,7.3,Manchester Originals,Northern Superchargers,PD Salt,JC Buttler,WD Parnell,6,0,,,,,,,,,
1355632,2023,2023-08-20,"Old Trafford, Manchester",1,7.4,Manchester Originals,Northern Superchargers,PD Salt,JC Buttler,WD Parnell,1,0,,,,,,,,,
1355632,2023,2023-08-20,"Old Trafford, Manchester",1,7.5,Manchester Originals,Northern Superchargers,JC Buttler,PD Salt,WD Parnell,1,0,,,,,,,,,
1355632,2023,2023-08-20,"Old Trafford, Manchester",1,8.1,Manchester Originals,Northern Superchargers,JC Buttler,PD Salt,AU Rashid,1,0,,,,,,,,,
1355632,2023,2023-08-20,"Old Trafford, Manchester",1,8.2,Manchester Originals,Northern Superchargers,PD Salt,JC Buttler,AU Rashid,0,0,,,,,,caught,PD Salt,,
1355632,2023,2023-08-20,"Old Trafford, Manchester",1,8.3,Manchester Originals,Northern Superchargers,LJ Evans,JC Buttler,AU Rashid,0,0,,,,,,,,,
1355632,2023,2023-08-20,"Old Trafford, Manchester",1,8.4,Manchester Originals,Northern Superchargers,LJ Evans,JC Buttler,AU Rashid,1,0,,,,,,,,,
1355632,2023,2023-08-20,"Old Trafford, Manchester",1,8.5,Manchester Originals,Northern Superchargers,JC Buttler,LJ Evans,AU Rashid,1,0,,,,,,,,,
1355632,2023,2023-08-20,"Old Trafford, Manchester",1,9.1,Manchester Originals,Northern Superchargers,LJ Evans,JC Buttler,CF Parkinson,6,0,,,,,,,,,
1355632,2023,2023-08-20,"Old Trafford, Manchester",1,9.2,Manchester Originals,Northern Superchargers,LJ Evans,JC Buttler,CF Parkinson,0,0,,,,,,caught,LJ Evans,,
1355632,2023,2023-08-20,"Old Trafford, Manchester",1,9.3,Manchester Originals,Northern Superchargers,PI Walter,JC Buttler,CF Parkinson,1,0,,,,,,,,,
1355632,2023,2023-08-20,"Old Trafford, Manchester",1,9.4,Manchester Originals,Northern Superchargers,JC Buttler,PI Walter,CF Parkinson,0,0,,,,,,,,,
1355632,2023,2023-08-20,"Old Trafford, Manchester",1,9.5,Manchester Originals,Northern Superchargers,JC Buttler,PI Walter,CF Parkinson,1,0,,,,,,,,,
1355632,2023,2023-08-20,"Old Trafford, Manchester",1,10.1,Manchester Originals,Northern Superchargers,JC Buttler,PI Walter,MW Short,1,0,,,,,,,,,
1355632,2023,2023-08-20,"Old Trafford, Manchester",1,10.2,Manchester Originals,Northern Superchargers,PI Walter,JC Buttler,MW Short,1,0,,,,,,,,,
1355632,2023,2023-08-20,"Old Trafford, Manchester",1,10.3,Manchester Originals,Northern Superchargers,JC Buttler,PI Walter,MW Short,1,0,,,,,,,,,
1355632,2023,2023-08-20,"Old Trafford, Manchester",1,10.4,Manchester Originals,Northern Superchargers,PI Walter,JC Buttler,MW Short,0,0,,,,,,,,,
1355632,2023,2023-08-20,"Old Trafford, Manchester",1,10.5,Manchester Originals,Northern Superchargers,PI Walter,JC Buttler,MW Short,0,0,,,,,,,,,
1355632,2023,2023-08-20,"Old Trafford, Manchester",1,11.1,Manchester Originals,Northern Superchargers,PI Walter,JC Buttler,D Wiese,0,0,,,,,,,,,
1355632,2023,2023-08-20,"Old Trafford, Manchester",1,11.2,Manchester Originals,Northern Superchargers,PI Walter,JC Buttler,D Wiese,0,0,,,,,,,,,
1355632,2023,2023-08-20,"Old Trafford, Manchester",1,11.3,Manchester Originals,Northern Superchargers,PI Walter,JC Buttler,D Wiese,6,0,,,,,,,,,
1355632,2023,2023-08-20,"Old Trafford, Manchester",1,11.4,Manchester Originals,Northern Superchargers,PI Walter,JC Buttler,D Wiese,4,0,,,,,,,,,
1355632,2023,2023-08-20,"Old Trafford, Manchester",1,11.5,Manchester Originals,Northern Superchargers,PI Walter,JC Buttler,D Wiese,0,0,,,,,,,,,
1355632,2023,2023-08-20,"Old Trafford, Manchester",1,12.1,Manchester Originals,Northern Superchargers,JC Buttler,PI Walter,BA Carse,0,0,,,,,,,,,
1355632,2023,2023-08-20,"Old Trafford, Manchester",1,12.2,Manchester Originals,Northern Superchargers,JC Buttler,PI Walter,BA Carse,2,0,,,,,,,,,
1355632,2023,2023-08-20,"Old Trafford, Manchester",1,12.3,Manchester Originals,Northern Superchargers,JC Buttler,PI Walter,BA Carse,1,0,,,,,,,,,
1355632,2023,2023-08-20,"Old Trafford, Manchester",1,12.4,Manchester Originals,Northern Superchargers,PI Walter,JC Buttler,BA Carse,1,0,,,,,,,,,
1355632,2023,2023-08-20,"Old Trafford, Manchester",1,12.5,Manchester Originals,Northern Superchargers,JC Buttler,PI Walter,BA Carse,1,0,,,,,,,,,
1355632,2023,2023-08-20,"Old Trafford, Manchester",1,13.1,Manchester Originals,Northern Superchargers,PI Walter,JC Buttler,WD Parnell,2,0,,,,,,,,,
1355632,2023,2023-08-20,"Old Trafford, Manchester",1,13.2,Manchester Originals,Northern Superchargers,PI Walter,JC Buttler,WD Parnell,4,0,,,,,,,,,
1355632,2023,2023-08-20,"Old Trafford, Manchester",1,13.3,Manchester Originals,Northern Superchargers,PI Walter,JC Buttler,WD Parnell,1,0,,,,,,,,,
1355632,2023,2023-08-20,"Old Trafford, Manchester",1,13.4,Manchester Originals,Northern Superchargers,JC Buttler,PI Walter,WD Parnell,0,0,,,,,,,,,
1355632,2023,2023-08-20,"Old Trafford, Manchester",1,13.5,Manchester Originals,Northern Superchargers,JC Buttler,PI Walter,WD Parnell,6,0,,,,,,,,,
1355632,2023,2023-08-20,"Old Trafford, Manchester",1,14.1,Manchester Originals,Northern Superchargers,PI Walter,JC Buttler,MW Short,1,0,,,,,,,,,
1355632,2023,2023-08-20,"Old Trafford, Manchester",1,14.2,Manchester Originals,Northern Superchargers,JC Buttler,PI Walter,MW Short,6,0,,,,,,,,,
1355632,2023,2023-08-20,"Old Trafford, Manchester",1,14.3,Manchester Originals,Northern Superchargers,JC Buttler,PI Walter,MW Short,1,0,,,,,,,,,
1355632,2023,2023-08-20,"Old Trafford, Manchester",1,14.4,Manchester Originals,Northern Superchargers,PI Walter,JC Buttler,MW Short,6,0,,,,,,,,,
1355632,2023,2023-08-20,"Old Trafford, Manchester",1,14.5,Manchester Originals,Northern Superchargers,PI Walter,JC Buttler,MW Short,1,0,,,,,,,,,
1355632,2023,2023-08-20,"Old Trafford, Manchester",1,15.1,Manchester Originals,Northern Superchargers,JC Buttler,PI Walter,AU Rashid,1,0,,,,,,,,,
1355632,2023,2023-08-20,"Old Trafford, Manchester",1,15.2,Manchester Originals,Northern Superchargers,PI Walter,JC Buttler,AU Rashid,0,0,,,,,,stumped,PI Walter,,
1355632,2023,2023-08-20,"Old Trafford, Manchester",1,15.3,Manchester Originals,Northern Superchargers,MDE Holden,JC Buttler,AU Rashid,1,0,,,,,,,,,
1355632,2023,2023-08-20,"Old Trafford, Manchester",1,15.4,Manchester Originals,Northern Superchargers,JC Buttler,MDE Holden,AU Rashid,2,0,,,,,,,,,
1355632,2023,2023-08-20,"Old Trafford, Manchester",1,15.5,Manchester Originals,Northern Superchargers,JC Buttler,MDE Holden,AU Rashid,1,0,,,,,,,,,
1355632,2023,2023-08-20,"Old Trafford, Manchester",1,16.1,Manchester Originals,Northern Superchargers,JC Buttler,MDE Holden,CF Parkinson,0,0,,,,,,,,,
1355632,2023,2023-08-20,"Old Trafford, Manchester",1,16.2,Manchester Originals,Northern Superchargers,JC Buttler,MDE Holden,CF Parkinson,1,0,,,,,,,,,
1355632,2023,2023-08-20,"Old Trafford, Manchester",1,16.3,Manchester Originals,Northern Superchargers,MDE Holden,JC Buttler,CF Parkinson,4,0,,,,,,,,,
1355632,2023,2023-08-20,"Old Trafford, Manchester",1,16.4,Manchester Originals,Northern Superchargers,MDE Holden,JC Buttler,CF Parkinson,2,0,,,,,,,,,
1355632,2023,2023-08-20,"Old Trafford, Manchester",1,16.5,Manchester Originals,Northern Superchargers,MDE Holden,JC Buttler,CF Parkinson,1,0,,,,,,,,,
1355632,2023,2023-08-20,"Old Trafford, Manchester",1,17.1,Manchester Originals,Northern Superchargers,JC Buttler,MDE Holden,RJW Topley,1,0,,,,,,,,,
1355632,2023,2023-08-20,"Old Trafford, Manchester",1,17.2,Manchester Originals,Northern Superchargers,MDE Holden,JC Buttler,RJW Topley,1,0,,,,,,,,,
1355632,2023,2023-08-20,"Old Trafford, Manchester",1,17.3,Manchester Originals,Northern Superchargers,JC Buttler,MDE Holden,RJW Topley,4,0,,,,,,,,,
1355632,2023,2023-08-20,"Old Trafford, Manchester",1,17.4,Manchester Originals,Northern Superchargers,JC Buttler,MDE Holden,RJW Topley,2,0,,,,,,,,,
1355632,2023,2023-08-20,"Old Trafford, Manchester",1,17.5,Manchester Originals,Northern Superchargers,JC Buttler,MDE Holden,RJW Topley,6,0,,,,,,,,,
1355632,2023,2023-08-20,"Old Trafford, Manchester",1,18.1,Manchester Originals,Northern Superchargers,MDE Holden,JC Buttler,AU Rashid,1,0,,,,,,,,,
1355632,2023,2023-08-20,"Old Trafford, Manchester",1,18.2,Manchester Originals,Northern Superchargers,JC Buttler,MDE Holden,AU Rashid,0,0,,,,,,caught,JC Buttler,,
1355632,2023,2023-08-20,"Old Trafford, Manchester",1,18.3,Manchester Originals,Northern Superchargers,J Overton,MDE Holden,AU Rashid,0,0,,,,,,,,,
1355632,2023,2023-08-20,"Old Trafford, Manchester",1,18.4,Manchester Originals,Northern Superchargers,J Overton,MDE Holden,AU Rashid,2,0,,,,,,,,,
1355632,2023,2023-08-20,"Old Trafford, Manchester",1,18.5,Manchester Originals,Northern Superchargers,J Overton,MDE Holden,AU Rashid,0,0,,,,,,caught,J Overton,,
1355632,2023,2023-08-20,"Old Trafford, Manchester",1,19.1,Manchester Originals,Northern Superchargers,AJ Turner,MDE Holden,RJW Topley,0,1,1,,,,,,,,
1355632,2023,2023-08-20,"Old Trafford, Manchester",1,19.2,Manchester Originals,Northern Superchargers,AJ Turner,MDE Holden,RJW Topley,2,0,,,,,,,,,
1355632,2023,2023-08-20,"Old Trafford, Manchester",1,19.3,Manchester Originals,Northern Superchargers,AJ Turner,MDE Holden,RJW Topley,1,0,,,,,,,,,
1355632,2023,2023-08-20,"Old Trafford, Manchester",1,19.4,Manchester Originals,Northern Superchargers,MDE Holden,AJ Turner,RJW Topley,1,0,,,,,,,,,
1355632,2023,2023-08-20,"Old Trafford, Manchester",1,19.5,Manchester Originals,Northern Superchargers,AJ Turner,MDE Holden,RJW Topley,1,0,,,,,,,,,
1355632,2023,2023-08-20,"Old Trafford, Manchester",1,19.6,Manchester Originals,Northern Superchargers,MDE Holden,AJ Turner,RJW Topley,0,0,,,,,,bowled,MDE Holden,,
1355632,2023,2023-08-20,"Old Trafford, Manchester",2,0.1,Northern Superchargers,Manchester Originals,A Lyth,MW Short,JC Tongue,0,0,,,,,,,,,
1355632,2023,2023-08-20,"Old Trafford, Manchester",2,0.2,Northern Superchargers,Manchester Originals,A Lyth,MW Short,JC Tongue,1,0,,,,,,,,,
1355632,2023,2023-08-20,"Old Trafford, Manchester",2,0.3,Northern Superchargers,Manchester Originals,MW Short,A Lyth,JC Tongue,0,0,,,,,,,,,
1355632,2023,2023-08-20,"Old Trafford, Manchester",2,0.4,Northern Superchargers,Manchester Originals,MW Short,A Lyth,JC Tongue,0,0,,,,,,,,,
1355632,2023,2023-08-20,"Old Trafford, Manchester",2,0.5,Northern Superchargers,Manchester Originals,MW Short,A Lyth,JC Tongue,1,0,,,,,,,,,
1355632,2023,2023-08-20,"Old Trafford, Manchester",2,1.1,Northern Superchargers,Manchester Originals,A Lyth,MW Short,J Overton,0,0,,,,,,,,,
1355632,2023,2023-08-20,"Old Trafford, Manchester",2,1.2,Northern Superchargers,Manchester Originals,A Lyth,MW Short,J Overton,0,0,,,,,,caught,A Lyth,,
1355632,2023,2023-08-20,"Old Trafford, Manchester",2,1.3,Northern Superchargers,Manchester Originals,T Banton,MW Short,J Overton,1,0,,,,,,,,,
1355632,2023,2023-08-20,"Old Trafford, Manchester",2,1.4,Northern Superchargers,Manchester Originals,MW Short,T Banton,J Overton,0,0,,,,,,,,,
1355632,2023,2023-08-20,"Old Trafford, Manchester",2,1.5,Northern Superchargers,Manchester Originals,MW Short,T Banton,J Overton,4,0,,,,,,,,,
1355632,2023,2023-08-20,"Old Trafford, Manchester",2,2.1,Northern Superchargers,Manchester Originals,T Banton,MW Short,JC Tongue,0,0,,,,,,,,,
1355632,2023,2023-08-20,"Old Trafford, Manchester",2,2.2,Northern Superchargers,Manchester Originals,T Banton,MW Short,JC Tongue,0,1,,,,1,,,,,
1355632,2023,2023-08-20,"Old Trafford, Manchester",2,2.3,Northern Superchargers,Manchester Originals,MW Short,T Banton,JC Tongue,1,0,,,,,,,,,
1355632,2023,2023-08-20,"Old Trafford, Manchester",2,2.4,Northern Superchargers,Manchester Originals,T Banton,MW Short,JC Tongue,4,0,,,,,,,,,
1355632,2023,2023-08-20,"Old Trafford, Manchester",2,2.5,Northern Superchargers,Manchester Originals,T Banton,MW Short,JC Tongue,0,1,1,,,,,,,,
1355632,2023,2023-08-20,"Old Trafford, Manchester",2,2.6,Northern Superchargers,Manchester Originals,T Banton,MW Short,JC Tongue,1,0,,,,,,,,,
1355632,2023,2023-08-20,"Old Trafford, Manchester",2,3.1,Northern Superchargers,Manchester Originals,MW Short,T Banton,TW Hartley,1,0,,,,,,,,,
1355632,2023,2023-08-20,"Old Trafford, Manchester",2,3.2,Northern Superchargers,Manchester Originals,T Banton,MW Short,TW Hartley,0,0,,,,,,caught,T Banton,,
1355632,2023,2023-08-20,"Old Trafford, Manchester",2,3.3,Northern Superchargers,Manchester Originals,AJ Hose,MW Short,TW Hartley,1,0,,,,,,,,,
1355632,2023,2023-08-20,"Old Trafford, Manchester",2,3.4,Northern Superchargers,Manchester Originals,MW Short,AJ Hose,TW Hartley,3,0,,,,,,,,,
1355632,2023,2023-08-20,"Old Trafford, Manchester",2,3.5,Northern Superchargers,Manchester Originals,AJ Hose,MW Short,TW Hartley,4,0,,,,,,,,,
1355632,2023,2023-08-20,"Old Trafford, Manchester",2,4.1,Northern Superchargers,Manchester Originals,MW Short,AJ Hose,JC Tongue,1,0,,,,,,,,,
1355632,2023,2023-08-20,"Old Trafford, Manchester",2,4.2,Northern Superchargers,Manchester Originals,AJ Hose,MW Short,JC Tongue,4,0,,,,,,,,,
1355632,2023,2023-08-20,"Old Trafford, Manchester",2,4.3,Northern Superchargers,Manchester Originals,AJ Hose,MW Short,JC Tongue,2,0,,,,,,,,,
1355632,2023,2023-08-20,"Old Trafford, Manchester",2,4.4,Northern Superchargers,Manchester Originals,AJ Hose,MW Short,JC Tongue,4,0,,,,,,,,,
1355632,2023,2023-08-20,"Old Trafford, Manchester",2,4.5,Northern Superchargers,Manchester Originals,AJ Hose,MW Short,JC Tongue,0,0,,,,,,caught,AJ Hose,,
1355632,2023,2023-08-20,"Old Trafford, Manchester",2,5.1,Northern Superchargers,Manchester Originals,HC Brook,MW Short,Zaman Khan,0,0,,,,,,,,,
1355632,2023,2023-08-20,"Old Trafford, Manchester",2,5.2,Northern Superchargers,Manchester Originals,HC Brook,MW Short,Zaman Khan,0,0,,,,,,,,,
1355632,2023,2023-08-20,"Old Trafford, Manchester",2,5.3,Northern Superchargers,Manchester Originals,HC Brook,MW Short,Zaman Khan,0,0,,,,,,,,,
1355632,2023,2023-08-20,"Old Trafford, Manchester",2,5.4,Northern Superchargers,Manchester Originals,HC Brook,MW Short,Zaman Khan,1,0,,,,,,,,,
1355632,2023,2023-08-20,"Old Trafford, Manchester",2,5.5,Northern Superchargers,Manchester Originals,MW Short,HC Brook,Zaman Khan,1,0,,,,,,,,,
1355632,2023,2023-08-20,"Old Trafford, Manchester",2,6.1,Northern Superchargers,Manchester Originals,MW Short,HC Brook,CG Harrison,0,0,,,,,,,,,
1355632,2023,2023-08-20,"Old Trafford, Manchester",2,6.2,Northern Superchargers,Manchester Originals,MW Short,HC Brook,CG Harrison,0,0,,,,,,stumped,MW Short,,
1355632,2023,2023-08-20,"Old Trafford, Manchester",2,6.3,Northern Superchargers,Manchester Originals,WD Parnell,HC Brook,CG Harrison,1,0,,,,,,,,,
1355632,2023,2023-08-20,"Old Trafford, Manchester",2,6.4,Northern Superchargers,Manchester Originals,HC Brook,WD Parnell,CG Harrison,0,0,,,,,,,,,
1355632,2023,2023-08-20,"Old Trafford, Manchester",2,6.5,Northern Superchargers,Manchester Originals,HC Brook,WD Parnell,CG Harrison,1,0,,,,,,,,,
1355632,2023,2023-08-20,"Old Trafford, Manchester",2,7.1,Northern Superchargers,Manchester Originals,WD Parnell,HC Brook,TW Hartley,6,0,,,,,,,,,
1355632,2023,2023-08-20,"Old Trafford, Manchester",2,7.2,Northern Superchargers,Manchester Originals,WD Parnell,HC Brook,TW Hartley,2,0,,,,,,,,,
1355632,2023,2023-08-20,"Old Trafford, Manchester",2,7.3,Northern Superchargers,Manchester Originals,WD Parnell,HC Brook,TW Hartley,0,0,,,,,,,,,
1355632,2023,2023-08-20,"Old Trafford, Manchester",2,7.4,Northern Superchargers,Manchester Originals,WD Parnell,HC Brook,TW Hartley,1,0,,,,,,,,,
1355632,2023,2023-08-20,"Old Trafford, Manchester",2,7.5,Northern Superchargers,Manchester Originals,HC Brook,WD Parnell,TW Hartley,0,0,,,,,,bowled,HC Brook,,
1355632,2023,2023-08-20,"Old Trafford, Manchester",2,8.1,Northern Superchargers,Manchester Originals,WD Parnell,BA Carse,CG Harrison,0,0,,,,,,,,,
1355632,2023,2023-08-20,"Old Trafford, Manchester",2,8.2,Northern Superchargers,Manchester Originals,WD Parnell,BA Carse,CG Harrison,1,0,,,,,,,,,
1355632,2023,2023-08-20,"Old Trafford, Manchester",2,8.3,Northern Superchargers,Manchester Originals,BA Carse,WD Parnell,CG Harrison,1,0,,,,,,,,,
1355632,2023,2023-08-20,"Old Trafford, Manchester",2,8.4,Northern Superchargers,Manchester Originals,WD Parnell,BA Carse,CG Harrison,0,0,,,,,,caught,WD Parnell,,
1355632,2023,2023-08-20,"Old Trafford, Manchester",2,8.5,Northern Superchargers,Manchester Originals,D Wiese,BA Carse,CG Harrison,1,0,,,,,,,,,
1355632,2023,2023-08-20,"Old Trafford, Manchester",2,9.1,Northern Superchargers,Manchester Originals,BA Carse,D Wiese,TW Hartley,0,0,,,,,,,,,
1355632,2023,2023-08-20,"Old Trafford, Manchester",2,9.2,Northern Superchargers,Manchester Originals,BA Carse,D Wiese,TW Hartley,1,0,,,,,,,,,
1355632,2023,2023-08-20,"Old Trafford, Manchester",2,9.3,Northern Superchargers,Manchester Originals,D Wiese,BA Carse,TW Hartley,0,0,,,,,,,,,
1355632,2023,2023-08-20,"Old Trafford, Manchester",2,9.4,Northern Superchargers,Manchester Originals,D Wiese,BA Carse,TW Hartley,2,0,,,,,,,,,
1355632,2023,2023-08-20,"Old Trafford, Manchester",2,9.5,Northern Superchargers,Manchester Originals,D Wiese,BA Carse,TW Hartley,1,0,,,,,,,,,
1355632,2023,2023-08-20,"Old Trafford, Manchester",2,10.1,Northern Superchargers,Manchester Originals,D Wiese,BA Carse,CG Harrison,0,0,,,,,,caught,D Wiese,,
1355632,2023,2023-08-20,"Old Trafford, Manchester",2,10.2,Northern Superchargers,Manchester Originals,AU Rashid,BA Carse,CG Harrison,0,0,,,,,,,,,
1355632,2023,2023-08-20,"Old Trafford, Manchester",2,10.3,Northern Superchargers,Manchester Originals,AU Rashid,BA Carse,CG Harrison,0,0,,,,,,,,,
1355632,2023,2023-08-20,"Old Trafford, Manchester",2,10.4,Northern Superchargers,Manchester Originals,AU Rashid,BA Carse,CG Harrison,1,0,,,,,,,,,
1355632,2023,2023-08-20,"Old Trafford, Manchester",2,10.5,Northern Superchargers,Manchester Originals,BA Carse,AU Rashid,CG Harrison,0,0,,,,,,caught,BA Carse,,
1355632,2023,2023-08-20,"Old Trafford, Manchester",2,11.1,Northern Superchargers,Manchester Originals,CF Parkinson,AU Rashid,CG Harrison,1,0,,,,,,,,,
1355632,2023,2023-08-20,"Old Trafford, Manchester",2,11.2,Northern Superchargers,Manchester Originals,AU Rashid,CF Parkinson,CG Harrison,0,0,,,,,,,,,
1355632,2023,2023-08-20,"Old Trafford, Manchester",2,11.3,Northern Superchargers,Manchester Originals,AU Rashid,CF Parkinson,CG Harrison,0,3,,,,3,,,,,
1355632,2023,2023-08-20,"Old Trafford, Manchester",2,11.4,Northern Superchargers,Manchester Originals,CF Parkinson,AU Rashid,CG Harrison,0,0,,,,,,bowled,CF Parkinson,,
1355632,2023,2023-08-20,"Old Trafford, Manchester",2,11.5,Northern Superchargers,Manchester Originals,RJW Topley,AU Rashid,CG Harrison,4,0,,,,,,,,,
1355632,2023,2023-08-20,"Old Trafford, Manchester",2,12.1,Northern Superchargers,Manchester Originals,AU Rashid,RJW Topley,Zaman Khan,1,0,,,,,,,,,
1355632,2023,2023-08-20,"Old Trafford, Manchester",2,12.2,Northern Superchargers,Manchester Originals,RJW Topley,AU Rashid,Zaman Khan,0,0,,,,,,,,,
1355632,2023,2023-08-20,"Old Trafford, Manchester",2,12.3,Northern Superchargers,Manchester Originals,RJW Topley,AU Rashid,Zaman Khan,0,0,,,,,,,,,
1355632,2023,2023-08-20,"Old Trafford, Manchester",2,12.4,Northern Superchargers,Manchester Originals,RJW Topley,AU Rashid,Zaman Khan,4,0,,,,,,,,,
1355632,2023,2023-08-20,"Old Trafford, Manchester",2,12.5,Northern Superchargers,Manchester Originals,RJW Topley,AU Rashid,Zaman Khan,1,0,,,,,,,,,
1355632,2023,2023-08-20,"Old Trafford, Manchester",2,13.1,Northern Superchargers,Manchester Originals,AU Rashid,RJW Topley,TW Hartley,0,0,,,,,,,,,
1355632,2023,2023-08-20,"Old Trafford, Manchester",2,13.2,Northern Superchargers,Manchester Originals,AU Rashid,RJW Topley,TW Hartley,1,0,,,,,,,,,
1355632,2023,2023-08-20,"Old Trafford, Manchester",2,13.3,Northern Superchargers,Manchester Originals,RJW Topley,AU Rashid,TW Hartley,1,0,,,,,,,,,
1355632,2023,2023-08-20,"Old Trafford, Manchester",2,13.4,Northern Superchargers,Manchester Originals,AU Rashid,RJW Topley,TW Hartley,1,0,,,,,,,,,
1355632,2023,2023-08-20,"Old Trafford, Manchester",2,13.5,Northern Superchargers,Manchester Originals,RJW Topley,AU Rashid,TW Hartley,0,0,,,,,,,,,
1355632,2023,2023-08-20,"Old Trafford, Manchester",2,14.1,Northern Superchargers,Manchester Originals,AU Rashid,RJW Topley,Zaman Khan,4,0,,,,,,,,,
1355632,2023,2023-08-20,"Old Trafford, Manchester",2,14.2,Northern Superchargers,Manchester Originals,AU Rashid,RJW Topley,Zaman Khan,4,0,,,,,,,,,
1355632,2023,2023-08-20,"Old Trafford, Manchester",2,14.3,Northern Superchargers,Manchester Originals,AU Rashid,RJW Topley,Zaman Khan,1,0,,,,,,,,,
1355632,2023,2023-08-20,"Old Trafford, Manchester",2,14.4,Northern Superchargers,Manchester Originals,RJW Topley,AU Rashid,Zaman Khan,1,0,,,,,,,,,
1355632,2023,2023-08-20,"Old Trafford, Manchester",2,14.5,Northern Superchargers,Manchester Originals,AU Rashid,RJW Topley,Zaman Khan,0,0,,,,,,,,,
1355632,2023,2023-08-20,"Old Trafford, Manchester",2,15.1,Northern Superchargers,Manchester Originals,AU Rashid,RJW Topley,JC Tongue,0,0,,,,,,caught,AU Rashid,,
